<?xml version="1.0" encoding="UTF-8"?>
<application xmlns:xsi="http://www.w3.org/2001/XMLSchema-instance"
		xsi:noNamespaceSchemaLocation="http://www.m-files.com/schemas/appdef-client-v3.xsd">
	<guid>60c93a08-27c3-4c59-aa61-906aaff52b81</guid>	
	<name>3DView</name>
	<version>0.1</version>
	<description>Test version of 3DView.</description>
	<publisher>Majo Banas</publisher>
	<copyright></copyright>
	<required-mfiles-version>11.3.0000.00</required-mfiles-version>
	<platforms>
		<platform>Desktop</platform>
	</platforms>
	<modules>
		<module environment="shellui">
			<file>main.js</file>
		</module>
	</modules>
</application>